,,,,,,,,,,,,,,
,Australia,,Current as at 22 March 2026,Enforcement webpage:,,https://www.austrac.gov.au/lists-enforcement-actions-taken,,,,,,,,
,,,,,,https://www.austrac.gov.au/list-written-notices-appoint-external-auditor,,,,,,,,
,,,,,,,,,,,,,,
#,Jurisdiction,Regulator Name,Subject Name (Case),Sector ,Date of Action ,Action Type,Field ,AML Violation Type(s),Fine Amount ,Currency,Enforcement Notice URL ,Reference No.,Pending Determination,Failed Extraction
1,Australia,AUSTRAC,"Mega International Commercial Bank Co., Ltd",Financial Services,30-Jun-09,Enforceable Undertaking,AML,"AML program
Reporting obligations",n/a,n/a,https://www.austrac.gov.au/sites/default/files/2019-06/eu_megabank.pdf,n/a,No,Yes
2,Australia,AUSTRAC,Barclays Bank PLC,Financial Services,01-Jul-09,Enforceable Undertaking,AML,"Reporting obligations
AML program",n/a,n/a,https://www.austrac.gov.au/sites/default/files/2019-06/eu_barclays.pdf,9975220_2,No,Yes
3,Australia,AUSTRAC,Little Persia,Remittance Service Provider,04-Nov-09,Remedial Direction,AML,AML program,n/a,n/a,https://www.austrac.gov.au/sites/default/files/2019-06/remedial_directions.pdf,247907,No,
4,Australia,AUSTRAC,PayPal Australia Pty Ltd,Financial Services,23-Nov-09,Enforceable Undertaking,AML,"AML program
Reporting obligations",n/a,n/a,https://www.austrac.gov.au/sites/default/files/2019-06/eu_paypal.pdf,5957708.3,No,
5,Australia,AUSTRAC,Eastern & Allied Pty Ltd trading as Hai Ha Money Transfer,Remittance Service Provider,08-Dec-09,Enforceable Undertaking,AML,"AML program
Employee Due Diligence",n/a,n/a,https://www.austrac.gov.au/sites/default/files/2019-06/eu_easternallied.pdf,301690,No,
6,Australia,AUSTRAC,George Thomas Hotels Pty Ltd,Gambling,02-Jun-10,Skilled Person Review (Compliance Audit),AML,"Customer Due Diligence (CDD)
Ongoing Customer Due Diligence 
Transaction Monitoring
AML program",n/a,n/a,https://www.austrac.gov.au/sites/default/files/2019-06/notice_george1.pdf,349464,No,
7,Australia,AUSTRAC,Argos Investments Pty Ltd,Gambling,02-Jun-10,Skilled Person Review (Compliance Audit),AML,"Customer Due Diligence (CDD)
Ongoing Customer Due Diligence 
Transaction Monitoring
AML program",n/a,n/a,https://www.austrac.gov.au/sites/default/files/2019-06/notice_argos.pdf,349457,No,
8,Australia,AUSTRAC,George Thomas Hotels (Bradbury) Pty Ltd,Gambling,02-Jun-10,Skilled Person Review (Compliance Audit),AML,"Customer Due Diligence (CDD)
Ongoing Customer Due Diligence 
Transaction Monitoring
AML program",n/a,n/a,https://www.austrac.gov.au/sites/default/files/2019-06/notice_bradbury.pdf,349471,No,
9,Australia,AUSTRAC,George Thomas Hotels (Campsie) Pty Ltd.,Gambling,02-Jun-10,Skilled Person Review (Compliance Audit),AML,"Customer Due Diligence (CDD)
Ongoing Customer Due Diligence 
Transaction Monitoring
AML program",n/a,n/a,https://www.austrac.gov.au/sites/default/files/2019-06/notice_campsie.pdf,349474,No,
10,Australia,AUSTRAC,George Thomas Hotels (Hurstville) Pty Ltd.,Gambling,02-Jun-10,Skilled Person Review (Compliance Audit),AML,"Customer Due Diligence (CDD)
Ongoing Customer Due Diligence 
Transaction Monitoring
AML program",n/a,n/a,https://www.austrac.gov.au/sites/default/files/2019-06/notice_hurstville.pdf,349479,No,
11,Australia,AUSTRAC,George Thomas Hotels (Madison) Pty Ltd.,Gambling,02-Jun-10,Skilled Person Review (Compliance Audit),AML,"Customer Due Diligence (CDD)
Ongoing Customer Due Diligence 
Transaction Monitoring
AML program",n/a,n/a,https://www.austrac.gov.au/sites/default/files/2019-06/notice_madison.pdf,349481,No,
12,Australia,AUSTRAC,George Thomas Hotels (QLD) Pty Ltd.,Gambling,02-Jun-10,Skilled Person Review (Compliance Audit),AML,"Customer Due Diligence (CDD)
Ongoing Customer Due Diligence 
Transaction Monitoring
AML program",n/a,n/a,https://www.austrac.gov.au/sites/default/files/2019-06/notice_qld.pdf,349482,No,
13,Australia,AUSTRAC,George Thomas Hotels Pty. Limited,Gambling,09-Dec-10,Enforceable Undertaking,AML,AML program,n/a,n/a,https://www.austrac.gov.au/sites/default/files/2019-06/eu_thg.pdf,413992,No,
14,Australia,AUSTRAC,Argos Investments Pty Ltd,Gambling,09-Dec-10,Enforceable Undertaking,AML,,n/a,n/a,https://www.austrac.gov.au/sites/default/files/2019-06/eu_argos.pdf,404373,No,
15,Australia,AUSTRAC,George Thomas Hotels (Bradbury) Pty. Limited,Gambling,09-Dec-10,Enforceable Undertaking,AML,AML program,n/a,n/a,https://www.austrac.gov.au/sites/default/files/2019-06/eu_thg_bradbury.pdf,414041,No,
16,Australia,AUSTRAC,George Thomas Hotels (Campsle) Pty. Limited,Gambling,09-Dec-10,Enforceable Undertaking,AML,AML program,n/a,n/a,https://www.austrac.gov.au/sites/default/files/2019-06/eu_thg_campsie_0.pdf,414041,No,
17,Australia,AUSTRAC,George Thomas Hotels (Hurstville) Pty. Limited,Gambling,09-Dec-10,Enforceable Undertaking,AML,AML program,n/a,n/a,https://www.austrac.gov.au/sites/default/files/2019-06/eu_thg_hurstville.pdf,414052,No,
18,Australia,AUSTRAC,George Thomas Hotels (Madison) Pty. Limited,Gambling,09-Dec-10,Enforceable Undertaking,AML,AML program,n/a,n/a,https://www.austrac.gov.au/sites/default/files/2019-06/eu_thg_madison.pdf,414095,No,
19,Australia,AUSTRAC,George Thomas Hotels (QLD) Pty. Limited,Gambling,09-Dec-10,Enforceable Undertaking,AML,AML program,n/a,n/a,https://www.austrac.gov.au/sites/default/files/2019-06/eu_thg_qld.pdf,414052,No,
20,Australia,AUSTRAC,Allsafe International Pty Ltd,Reporting Entity,09-Feb-11,Remedial Direction,AML,"AML program
International Funds Transfer Reporting",n/a,n/a,https://www.austrac.gov.au/sites/default/files/2019-06/rd_allsafe_feb2011.pdf,247907,No,
21,Australia,AUSTRAC,Acacia Ridge Hotel,Gambling,09-Aug-11,"Remedial Direction
Skilled Person Review",AML,AML program,n/a,n/a,https://www.austrac.gov.au/sites/default/files/2019-06/acacia_ridge_hotel.pdf,463944,No,
22,Australia,AUSTRAC,Mojgan Zojaji T/A Mega Trade Interchange,Remittance Service Provider,02-Sep-11,Enforceable Undertaking,AML,AML program,n/a,n/a,https://www.austrac.gov.au/sites/default/files/2019-06/eu_mega_trade.pdf,51195,No,
23,Australia,AUSTRAC,A2Z Communication Pty Limited,Reporting Entity,26-Jun-12,Skilled Person Review (Compliance Audit),AML,"Enhanced Customer Due Diligence (EDD)
Onging Cusomer Due Diligence
AML program",n/a,n/a,https://www.austrac.gov.au/sites/default/files/2019-06/notice_a2z_communication_pty_ltd.pdf,600314,No,
24,Australia,AUSTRAC,Your Express Service (YES) Pty Ltd,Remittance Service Provider,12-Jul-12,Enforceable Undertaking,AML,"AML program
Funds Transfer Reporting",n/a,n/a,https://www.austrac.gov.au/sites/default/files/2019-06/eu_your_express_service.pdf,606016,No,
25,Australia,AUSTRAC,Ria Financial Services Australia Pty Ltd,Remittance Service Provider,19-Nov-13,Financial Penalty,AML,Remittance Service Provider Registration ,"225,600",AUD,https://www.austrac.gov.au/sites/default/files/2019-06/infringement_notice_ria.pdf,n/a,No,
26,Australia,AUSTRAC,Fast Exchange Pty Ltd,Remittance Service Provider,14-Apr-14,Remittance service provider registration cancelled,AML,Not disclosed,n/a,n/a,https://www.austrac.gov.au/remittance-sector-register-and-remittance-registration-actions,n/a,No,
27,Australia,AUSTRAC,Custom House Currency Exchange (Australia) Pty Ltd,Currency Exchange ,06-Jun-14,Enforceable Undertaking,AML,,n/a,n/a,https://www.austrac.gov.au/sites/default/files/2019-06/eu_custom_house.pdf,n/a,No,
28,Australia,AUSTRAC,KMT Sydney Pty Ltd,Remittance Service Provider,14-Jul-14,Remittance service provider registration cancelled,AML,Not disclosed,n/a,n/a,https://www.austrac.gov.au/remittance-sector-register-and-remittance-registration-actions,n/a,No,
29,Australia,AUSTRAC,S K Trading (NSW) Pty Ltd,Remittance Service Provider,08-Oct-14,Remittance service provider registration cancelled,AML,Not disclosed,n/a,n/a,https://www.austrac.gov.au/remittance-sector-register-and-remittance-registration-actions,n/a,No,
30,Australia,AUSTRAC,Bisotel Rieh Pty Ltd,Remittance Service Provider,10-Nov-14,Remittance service provider registration cancelled,AML,Not disclosed,n/a,n/a,https://www.austrac.gov.au/remittance-sector-register-and-remittance-registration-actions,n/a,No,
31,Australia,AUSTRAC,AVSForex Pty Ltd,Remittance Service Provider,20-Nov-14,Remittance service provider registration cancelled,AML,Not disclosed,n/a,n/a,https://www.austrac.gov.au/remittance-sector-register-and-remittance-registration-actions,n/a,No,
32,Australia,AUSTRAC,ClassicBet Pty Ltd,Gambling,09-Dec-14,Financial Penalty,AML,Reporting Entity Registration,"10,200",AUD,https://www.austrac.gov.au/sites/default/files/2019-06/classicbet-infringement-notice-signed.pdf,n/a,No,
33,Australia,AUSTRAC,Ocean Pass Finance Pty Ltd,Remittance Service Provider,17-Dec-14,Remittance service provider registration cancelled,AML,Not disclosed,n/a,n/a,https://www.austrac.gov.au/remittance-sector-register-and-remittance-registration-actions,n/a,No,
34,Australia,AUSTRAC,MoneyGram Payment Systems Inc,Remittance Service Provider,19-Dec-14,Financial Penalty,AML,Remittance Service Provider Registration ,"122,400",AUD,https://www.austrac.gov.au/sites/default/files/2019-06/moneygram-infringement-notice-signed.pdf,n/a,No,
35,Australia,AUSTRAC,Billion Trend Forex Pty Ltd,Remittance Service Provider,03-Feb-15,Remittance service provider registration cancelled,AML,Not disclosed,n/a,n/a,https://www.austrac.gov.au/remittance-sector-register-and-remittance-registration-actions,n/a,No,
36,Australia,AUSTRAC,Moazo Pty Ltd,Remittance Service Provider,03-Feb-15,Remittance service provider registration cancelled,AML,Not disclosed,n/a,n/a,https://www.austrac.gov.au/remittance-sector-register-and-remittance-registration-actions,n/a,No,
37,Australia,AUSTRAC,ClassicBet Pty Ltd,Gambling,06-Feb-15,"Remedial Direction
Skilled Person Review",AML,AML program,n/a,n/a,https://www.austrac.gov.au/sites/default/files/2019-06/classicbet-remedial-direction-signed.pdf,n/a,No,
38,Australia,AUSTRAC,MoneyGram Payment Systems Inc,Remittance Service Provider,29-Apr-15,Financial Penalty,AML,Remittance Service Provider Registration ,"336,600",AUD,https://www.austrac.gov.au/sites/default/files/2019-06/moneygram-infringement-notice-2015.pdf,n/a,No,
39,Australia,AUSTRAC,FNF First Nation Finance Pty Ltd,Remittance Service Provider,05-May-15,Remittance service provider registration cancelled,AML,Not disclosed,n/a,n/a,https://www.austrac.gov.au/remittance-sector-register-and-remittance-registration-actions,n/a,No,
40,Australia,AUSTRAC,Canberra Southern Cross Club Ltd,Gambling,18-May-15,Skilled Person Review (Compliance Audit),AML,"Customer due diligence
Ongoing customer due diligence
AML program
Recordkeeping",n/a,n/a,https://www.austrac.gov.au/sites/default/files/2019-06/canberra-southern-cross-club-ltd-section-162-notice.pdf,n/a,No,
41,Australia,AUSTRAC,Estefa Milka Honores (American Cash Service),Remittance Service Provider,26-Aug-15,Remittance service provider registration cancelled,AML,Not disclosed,n/a,n/a,https://www.austrac.gov.au/remittance-sector-register-and-remittance-registration-actions,n/a,No,
42,Australia,AUSTRAC,Sinoaust Pty Ltd,Remittance Service Provider,28-Sep-15,Remittance service provider registration cancelled,AML,Not disclosed,n/a,n/a,https://www.austrac.gov.au/remittance-sector-register-and-remittance-registration-actions,n/a,No,
43,Australia,AUSTRAC,Narinder Singh (trading as Star Link Travel),Remittance Service Provider,15-Dec-15,Remittance service provider registration suspended,AML,Not disclosed,n/a,n/a,https://www.austrac.gov.au/remittance-sector-register-and-remittance-registration-actions,n/a,No,
44,Australia,AUSTRAC,Oakwood Sydney Pty Ltd,Remittance Service Provider,27-Jan-16,Remittance service provider registration cancelled,AML,Not disclosed,n/a,n/a,https://www.austrac.gov.au/remittance-sector-register-and-remittance-registration-actions,n/a,No,
45,Australia,AUSTRAC,Marco Trading Pty Ltd,Remittance Service Provider,18-Mar-16,Remittance service provider registration cancelled,AML,Not disclosed,n/a,n/a,https://www.austrac.gov.au/remittance-sector-register-and-remittance-registration-actions,n/a,No,
46,Australia,AUSTRAC,Narinder Singh (trading as Star Link Travel),Remittance Service Provider,23-Mar-16,Remittance service provider registration cancelled,AML,Not disclosed,n/a,n/a,https://www.austrac.gov.au/remittance-sector-register-and-remittance-registration-actions,n/a,No,
47,Australia,AUSTRAC,Yousif Murad,Remittance Service Provider,12-Apr-16,Remittance service provider registration cancelled,AML,Not disclosed,n/a,n/a,https://www.austrac.gov.au/remittance-sector-register-and-remittance-registration-actions,n/a,No,
48,Australia,AUSTRAC,Forex Sydney Pty Ltd,Remittance Service Provider,11-May-16,Remittance service provider registration suspended,AML,Not disclosed,n/a,n/a,https://www.austrac.gov.au/remittance-sector-register-and-remittance-registration-actions,n/a,No,
49,Australia,AUSTRAC,ToKorea Pty Ltd,Remittance Service Provider,11-May-16,Remittance service provider registration suspended,AML,Not disclosed,n/a,n/a,https://www.austrac.gov.au/remittance-sector-register-and-remittance-registration-actions,n/a,No,
50,Australia,AUSTRAC,Korea Pty. Ltd,Remittance Service Provider,11-May-16,Remittance service provider registration suspended,AML,Not disclosed,n/a,n/a,https://www.austrac.gov.au/remittance-sector-register-and-remittance-registration-actions,n/a,No,
51,Australia,AUSTRAC,Custom House Currency Exchange (Australia) Pty Ltd,Currency Exchange ,25-May-16,Enforceable Undertaking,AML,"AML program
Customer Due Diligence (CDD)
Transaction Reporting
Obligations on third parties
Independent review
Recordkeeping",n/a,n/a,https://www.austrac.gov.au/sites/default/files/2019-06/eu-custom-house-currency-exchange.pdf,n/a,No,
52,Australia,AUSTRAC,Vision Rehoboth Pty Ltd (trading as City Kowon),Remittance Service Provider,30-May-16,Remittance service provider registration suspended,AML,Not disclosed,n/a,n/a,https://www.austrac.gov.au/remittance-sector-register-and-remittance-registration-actions,n/a,No,
53,Australia,AUSTRAC,Forex Sydney Pty Ltd,Remittance Service Provider,09-Jun-16,Remittance service provider registration cancelled,AML,Not disclosed,n/a,n/a,https://www.austrac.gov.au/remittance-sector-register-and-remittance-registration-actions,n/a,No,
54,Australia,AUSTRAC,Korea Pty. Ltd,Remittance Service Provider,09-Jun-16,Remittance service provider registration cancelled,AML,Not disclosed,n/a,n/a,https://www.austrac.gov.au/remittance-sector-register-and-remittance-registration-actions,n/a,No,
55,Australia,AUSTRAC,Mujtaba Musawi,Remittance Service Provider,15-Jun-16,Remittance service provider registration suspended,AML,Not disclosed,n/a,n/a,https://www.austrac.gov.au/remittance-sector-register-and-remittance-registration-actions,n/a,No,
56,Australia,AUSTRAC,SMX Services Pty Ltd,Remittance Service Provider,15-Jun-16,Remittance service provider registration suspended,AML,Not disclosed,n/a,n/a,https://www.austrac.gov.au/remittance-sector-register-and-remittance-registration-actions,n/a,No,
57,Australia,AUSTRAC,Safir Pty Ltd (independent remittance provider),Remittance Service Provider,15-Jun-16,Remittance service provider registration suspended,AML,Not disclosed,n/a,n/a,https://www.austrac.gov.au/remittance-sector-register-and-remittance-registration-actions,n/a,No,
58,Australia,AUSTRAC,Safir Pty Ltd (remittance network provider),Remittance Service Provider,15-Jun-16,Remittance service provider registration suspended,AML,Not disclosed,n/a,n/a,https://www.austrac.gov.au/remittance-sector-register-and-remittance-registration-actions,n/a,No,
59,Australia,AUSTRAC,ToKorea Pty Ltd,Remittance Service Provider,27-Jun-16,Remittance service provider registration cancelled,AML,Not disclosed,n/a,n/a,https://www.austrac.gov.au/remittance-sector-register-and-remittance-registration-actions,n/a,No,
60,Australia,AUSTRAC,Vision Rehoboth Pty Ltd,Remittance Service Provider,29-Jun-16,Remittance service provider registration cancelled,AML,Not disclosed,n/a,n/a,https://www.austrac.gov.au/remittance-sector-register-and-remittance-registration-actions,n/a,No,
61,Australia,AUSTRAC,SMX Services Pty Ltd,Remittance Service Provider,29-Jul-16,Remittance service provider registration cancelled,AML,Not disclosed,n/a,n/a,https://www.austrac.gov.au/remittance-sector-register-and-remittance-registration-actions,n/a,No,
62,Australia,AUSTRAC,Mujtaba Musawi,Remittance Service Provider,29-Jul-16,Remittance service provider registration suspended,AML,Not disclosed,n/a,n/a,https://www.austrac.gov.au/remittance-sector-register-and-remittance-registration-actions,n/a,No,
63,Australia,AUSTRAC,Safir Pty Ltd (independent remittance provider),Remittance Service Provider,29-Jul-16,Refusal to renew remittance service provider registration,AML,Not disclosed,n/a,n/a,https://www.austrac.gov.au/remittance-sector-register-and-remittance-registration-actions,n/a,No,
64,Australia,AUSTRAC,Safir Pty Ltd,Remittance Service Provider,29-Jul-16,Remittance service provider registration cancelled,AML,Not disclosed,n/a,n/a,https://www.austrac.gov.au/remittance-sector-register-and-remittance-registration-actions,n/a,No,
65,Australia,AUSTRAC,Mujtaba Musawi,Remittance Service Provider,29-Aug-16,Remittance service provider registration suspended,AML,Not disclosed,n/a,n/a,https://www.austrac.gov.au/remittance-sector-register-and-remittance-registration-actions,n/a,No,
66,Australia,AUSTRAC,Mujtaba Musawi,Remittance Service Provider,11-Oct-16,Remittance service provider registration cancelled,AML,Not disclosed,n/a,n/a,https://www.austrac.gov.au/remittance-sector-register-and-remittance-registration-actions,n/a,No,
67,Australia,AUSTRAC,"Tab Ltd, Tabcorp Holdings Ltd, and 
Tabcorp Wagering (Vic) Pty Ltd",Gambling,16-Mar-17,Financial Penalty,AML,"AML program
STR reporting 
Reporting Entity Registration
Customer identification","45,000,000",AUD,https://www.judgments.fedcourt.gov.au/judgments/Judgments/fca/single/2017/2017fca1296,NSD 852 of 2015,No,
68,Australia,AUSTRAC,Abdullah Mosawi,Remittance Service Provider,23-Oct-17,Remittance service provider registration cancelled,AML,Not disclosed,n/a,n/a,https://www.austrac.gov.au/remittance-sector-register-and-remittance-registration-actions,n/a,No,
69,Australia,AUSTRAC,Wiky Australia Pty Ltd,Remittance Service Provider,05-Apr-18,Remittance service provider registration suspended,AML,Not disclosed,n/a,n/a,https://www.austrac.gov.au/remittance-sector-register-and-remittance-registration-actions,n/a,No,
70,Australia,AUSTRAC,Commonwealth Bank of Australia,Financial Services,20-Jun-18,Financial Penalty,AML,"AML program
Transaction monitoring
Threshold transaction reporting
STR reporting","700,000,000",AUD,https://www.judgments.fedcourt.gov.au/judgments/Judgments/fca/single/2018/2018fca0930,NSD 1305 of 2017,No,
71,Australia,AUSTRAC,Treasure Chest Trading Pty Ltd,Remittance Service Provider,06-Dec-18,Remittance service provider registration cancelled,AML,Not disclosed,n/a,n/a,https://www.austrac.gov.au/remittance-sector-register-and-remittance-registration-actions,n/a,No,
72,Australia,AUSTRAC,Ghadir Group Pty Ltd,Remittance Service Provider,06-Dec-18,Remittance service provider registration cancelled,AML,Not disclosed,n/a,n/a,https://www.austrac.gov.au/remittance-sector-register-and-remittance-registration-actions,n/a,No,
73,Australia,AUSTRAC,Easy Bitcoin Trading Pty Ltd,Remittance Service Provider,17-Dec-18,Remittance service provider registration refused,AML,Not disclosed,n/a,n/a,https://www.austrac.gov.au/remittance-sector-register-and-remittance-registration-actions,n/a,No,
74,Australia,AUSTRAC,EASY BITCOIN TRADING PTY LTD,Virtual Assets Service Provider,17-Dec-18,VASP registration refused,AML,Not disclosed,n/a,n/a,https://www.austrac.gov.au/digital-currency-exchange-provider-registration-actions,n/a,,
75,Australia,AUSTRAC,THE GOLD BUYING COMPANY PTY. LTD.,Virtual Assets Service Provider,04-Jan-19,VASP registration refused,AML,Not disclosed,n/a,n/a,https://www.austrac.gov.au/digital-currency-exchange-provider-registration-actions,n/a,No,
76,Australia,AUSTRAC,JWON1 PTY LTD,Virtual Assets Service Provider,13-Feb-19,VASP registration refused,AML,Not disclosed,n/a,n/a,https://www.austrac.gov.au/digital-currency-exchange-provider-registration-actions,n/a,No,
77,Australia,AUSTRAC,Sun Exchange & Jewellery Pty Ltd,Remittance Service Provider,17-Apr-19,Refusal to renew remittance service provider registration,AML,Not disclosed,n/a,n/a,https://www.austrac.gov.au/remittance-sector-register-and-remittance-registration-actions,n/a,No,
78,Australia,AUSTRAC,The Wisdom Gold 1992 Pty Ltd,Remittance Service Provider,26-Apr-19,Remittance service provider registration cancelled,AML,Not disclosed,n/a,n/a,https://www.austrac.gov.au/remittance-sector-register-and-remittance-registration-actions,n/a,No,
79,Australia,AUSTRAC,Real Money Transfer Pty. Ltd,Remittance Service Provider,26-Apr-19,Remittance service provider registration cancelled,AML,Not disclosed,n/a,n/a,https://www.austrac.gov.au/remittance-sector-register-and-remittance-registration-actions,n/a,No,
80,Australia,AUSTRAC,Afterpay Pty Ltd,Financial Services,12-Jun-19,Skilled Person Review (Compliance Audit),AML,"Governance and oversight
Customer Due Diligence (CDD) 
STR reporting
Reporting obligations
AML program",n/a,n/a,https://www.austrac.gov.au/sites/default/files/2019-06/Afterpay_Pty_Ltd_-_section_162_notice.pdf,n/a,No,
81,Australia,AUSTRAC,Sun TTS Pty Ltd,Remittance Service Provider,22-Jul-19,Remittance service provider registration cancelled,AML,Not disclosed,n/a,n/a,https://www.austrac.gov.au/remittance-sector-register-and-remittance-registration-actions,n/a,No,
82,Australia,AUSTRAC,CYGG Pty Ltd,Remittance Service Provider,26-Jul-19,Remittance service provider registration refused,AML,Not disclosed,n/a,n/a,https://www.austrac.gov.au/remittance-sector-register-and-remittance-registration-actions,n/a,No,
83,Australia,AUSTRAC,AUSCOIN ATM PTY LTD,Virtual Assets Service Provider,09-Sep-19,VASP registration cancelled,AML,Not disclosed,n/a,n/a,https://www.austrac.gov.au/digital-currency-exchange-provider-registration-actions,n/a,No,
84,Australia,AUSTRAC,A.C.N. 625 238 735 PTY LTD,Virtual Assets Service Provider,09-Sep-19,VASP registration cancelled,AML,Not disclosed,n/a,n/a,https://www.austrac.gov.au/digital-currency-exchange-provider-registration-actions,n/a,No,
85,Australia,AUSTRAC,Compass Global Holdings Pty Ltd,Remittance Service Provider,10-Sep-19,Financial Penalty,AML,International Funds Transfer reporting,"252,000",AUD,https://www.austrac.gov.au/sites/default/files/2020-03/Infringement%20notice%20issued%20to%20Compass%20Global%20Holdings%20Pty%20Ltd.pdf,n/a,No,
86,Australia,AUSTRAC,PayPal Australia Pty Limited,Financial Services,23-Sep-19,Skilled Person Review (Compliance Audit),AML,"AML program
International funds transfer reporting
Recordkeeping",n/a,n/a,https://www.austrac.gov.au/sites/default/files/2019-09/PayPal%202019_09_23%20Section%20162%20notice%20-%20AUSTRAC%20-%209901387.pdf,n/a,No,
87,Australia,AUSTRAC,WEBPARK PTY. LTD.,Virtual Assets Service Provider,23-Sep-19,VASP registration cancelled,AML,Not disclosed,n/a,n/a,https://www.austrac.gov.au/digital-currency-exchange-provider-registration-actions,n/a,No,
88,Australia,AUSTRAC,Azure Kingfisher Trading Pty Ltd,Remittance Service Provider,08-Jan-20,Remittance service provider registration cancelled,AML,Not disclosed,n/a,n/a,https://www.austrac.gov.au/remittance-sector-register-and-remittance-registration-actions,n/a,No,
89,Australia,AUSTRAC,Wealthy Asia International Pty Ltd,Remittance Service Provider,21-Feb-20,Remittance service provider registration cancelled,AML,Not disclosed,n/a,n/a,https://www.austrac.gov.au/remittance-sector-register-and-remittance-registration-actions,n/a,No,
90,Australia,AUSTRAC,Wealthy Asia International (Australia) Pty Ltd,Remittance Service Provider,21-Feb-20,Remittance service provider registration refused,AML,Not disclosed,n/a,n/a,https://www.austrac.gov.au/remittance-sector-register-and-remittance-registration-actions,n/a,No,
91,Australia,AUSTRAC,PayPal Australia Pty Ltd (Amendment of Notice),Financial Services,27-Feb-20,Skilled Person Review (Compliance Audit),AML,"AML program
International funds transfer reporting
Recordkeeping",n/a,n/a,https://www.austrac.gov.au/sites/default/files/2020-03/PayPal%202020-02-27%20Notice%20-%20s%20162%282%29%20Variation%20to%20notice.pdf ,n/a,No,
92,Australia,AUSTRAC,Cryptocurrency Transaction Machines Pty Ltd,Remittance Service Provider,02-Mar-20,Remittance service provider registration cancelled,AML,Not disclosed,n/a,n/a,https://www.austrac.gov.au/remittance-sector-register-and-remittance-registration-actions,n/a,No,
93,Australia,AUSTRAC,CRYPTOCURRENCY TRANSACTION MACHINES PTY LTD,Virtual Assets Service Provider,02-Mar-20,VASP registration cancelled,AML,Not disclosed,n/a,n/a,https://www.austrac.gov.au/digital-currency-exchange-provider-registration-actions,n/a,No,
94,Australia,AUSTRAC,JX Finance Pty Ltd,Remittance Service Provider,06-Mar-20,Remittance service provider registration suspended,AML,Not disclosed,n/a,n/a,https://www.austrac.gov.au/remittance-sector-register-and-remittance-registration-actions,n/a,No,
95,Australia,AUSTRAC,Oz Smooth investments Pty Ltd T/A Pacific Money Exchange,Remittance Service Provider,21-Aug-20,Remittance service provider registration suspended,AML,Not disclosed,n/a,n/a,https://www.austrac.gov.au/remittance-sector-register-and-remittance-registration-actions,n/a,No,
96,Australia,AUSTRAC,State Street Bank and Trust Company,Financial Services,14-Sep-20,Financial Penalty,AML,International Funds Transfer reporting,"1,247,400",AUD,https://www.austrac.gov.au/sites/default/files/2020-09/SSBT%20Infringement%20Notice_SEP2020.pdf,n/a,No,
97,Australia,AUSTRAC,Oz Smooth investments Pty Ltd T/A Pacific Money Exchange,Remittance Service Provider,16-Oct-20,Remittance service provider registration suspended,AML,Not disclosed,n/a,n/a,https://www.austrac.gov.au/remittance-sector-register-and-remittance-registration-actions,n/a,No,
98,Australia,AUSTRAC,Westpac Banking Corporation,Financial Services,21-Oct-20,Financial Penalty,AML,"International Funds Transfer reporting
International funds trsnsfer originator information
Correspondent risk assessment
Customer Due Diligence (CDD)","1,300,000,000",AUD,https://www.comcourts.gov.au/file/Federal/P/NSD1914/2019/3875456/event/30460274/document/1687046,NSD1914/2019,No,
99,Australia,AUSTRAC,DIGITAL NEXUS PTY LTD,Virtual Assets Service Provider,30-Oct-20,VASP registration cancelled,AML,Not disclosed,n/a,n/a,https://www.austrac.gov.au/digital-currency-exchange-provider-registration-actions,n/a,No,
100,Australia,AUSTRAC,PEAK TRADING GROUP PTY LTD,Virtual Assets Service Provider,23-Dec-20,VASP registration cancelled,AML,Not disclosed,n/a,n/a,https://www.austrac.gov.au/digital-currency-exchange-provider-registration-actions,n/a,No,
101,Australia,AUSTRAC,KOOBTC International Pty Ltd,Remittance Service Provider,04-Jan-21,Remittance service provider registration refused,AML,Not disclosed,n/a,n/a,https://www.austrac.gov.au/remittance-sector-register-and-remittance-registration-actions,n/a,No,
102,Australia,AUSTRAC,Yu Di Technology Pty Ltd,Remittance Service Provider,05-Jan-21,Remittance service provider registration refused,AML,Not disclosed,n/a,n/a,https://www.austrac.gov.au/remittance-sector-register-and-remittance-registration-actions,n/a,No,
103,Australia,AUSTRAC,Azimi Mohammad Karim T/A Kabul Money Exchange,Remittance Service Provider,14-Jan-21,Remittance service provider registration cancelled,AML,Not disclosed,n/a,n/a,https://www.austrac.gov.au/remittance-sector-register-and-remittance-registration-actions,n/a,No,
104,Australia,AUSTRAC,Yuebi Technology Pty Ltd,Remittance Service Provider,25-Jan-21,Remittance service provider registration refused,AML,Not disclosed,n/a,n/a,https://www.austrac.gov.au/remittance-sector-register-and-remittance-registration-actions,n/a,No,
105,Australia,AUSTRAC,About Coin International Pty Ltd,Remittance Service Provider,02-Feb-21,Remittance service provider registration refused,AML,Not disclosed,n/a,n/a,https://www.austrac.gov.au/remittance-sector-register-and-remittance-registration-actions,n/a,No,
106,Australia,AUSTRAC,THINKTRACK PTY LTD,Virtual Assets Service Provider,30-Apr-21,VASP registration refused,AML,Not disclosed,n/a,n/a,https://www.austrac.gov.au/digital-currency-exchange-provider-registration-actions,n/a,No,
107,Australia,AUSTRAC,Australian Military Bank Ltd,Financial Services,03-May-21,"Remedial Direction
Assurance Review",AML,"Risk assessment
Systems, controls, documentation",n/a,n/a,https://www.austrac.gov.au/sites/default/files/2021-05/AMB%20remedial%20direction.pdf,n/a,No,
108,Australia,AUSTRAC,BLOCKBID PTY LTD,Virtual Assets Service Provider,16-Jul-21,VASP registration suspended,AML,Not disclosed,n/a,n/a,https://www.austrac.gov.au/digital-currency-exchange-provider-registration-actions,n/a,No,
109,Australia,AUSTRAC,Northshore Assets Pty Ltd,Virtual Assets Service Provider,01-Oct-21,VASP registration cancelled,AML,Not disclosed,n/a,n/a,https://www.austrac.gov.au/digital-currency-exchange-provider-registration-actions,n/a,No,
110,Australia,AUSTRAC,MYCRYPTOWALLET PTY LTD,Virtual Assets Service Provider,24-Nov-21,VASP registration refused,AML,Not disclosed,n/a,n/a,https://www.austrac.gov.au/digital-currency-exchange-provider-registration-actions,n/a,No,
111,Australia,AUSTRAC,JDI Finance Group Pty Ltd,Remittance Service Provider,04-Feb-22,Remittance service provider registration suspended,AML,Not disclosed,n/a,n/a,https://www.austrac.gov.au/remittance-sector-register-and-remittance-registration-actions,n/a,No,
112,Australia,AUSTRAC,INTJ Billing Pty Ltd,Virtual Assets Service Provider,10-Feb-22,VASP registration refused,AML,Not disclosed,n/a,n/a,https://www.austrac.gov.au/digital-currency-exchange-provider-registration-actions,n/a,No,
113,Australia,AUSTRAC,INTJ Billing Pty Ltd,Remittance Service Provider,10-Feb-22,Remittance service provider registration refused,AML,Not disclosed,n/a,n/a,https://www.austrac.gov.au/remittance-sector-register-and-remittance-registration-actions,n/a,No,
114,Australia,AUSTRAC,Bell Potter Capital Limited,Financial Services,16-Feb-22,Skilled Person Review (Compliance Audit),AML,"AML program
Reporting entity registration
STR reporting 
Ongoing customer due diligence",n/a,n/a,https://www.austrac.gov.au/sites/default/files/2022-02/2022-02-16%20Bell%20Potter%20Capital%20Limited%20-%20s162%282%29%20Notice.pdf ,n/a,No,
115,Australia,AUSTRAC,Bell Potter Securities Limited,Financial Services,16-Feb-22,Skilled Person Review (Compliance Audit),AML,"AML program
Reporting entity registration
STR reporting 
Ongoing customer due diligence",n/a,n/a,https://www.austrac.gov.au/sites/default/files/2022-02/2022-02-16%20Bell%20Potter%20Securities%20Limited%20-%20s162%282%29%20Notice.pdf,n/a,No,
116,Australia,AUSTRAC,Third Party Platform Pty Ltd,Financial Services,16-Feb-22,Skilled Person Review (Compliance Audit),AML,"AML program
Reporting entity registration
STR reporting 
Ongoing customer due diligence",n/a,n/a,https://www.austrac.gov.au/sites/default/files/2022-02/2022-02-16%20Third%20Party%20Platform%20Pty%20Ltd%20-%20s162%282%29%20Notice.pdf,n/a,No,
117,Australia,AUSTRAC,Oak Payments Pty Ltd,Remittance Service Provider,22-Mar-22,Remittance service provider registration cancelled,AML,Not disclosed,n/a,n/a,https://www.austrac.gov.au/remittance-sector-register-and-remittance-registration-actions,n/a,No,
118,Australia,AUSTRAC,OAKS PAYMENTS PTY LTD,Virtual Assets Service Provider,22-Mar-22,VASP registration cancelled,AML,Not disclosed,n/a,n/a,https://www.austrac.gov.au/digital-currency-exchange-provider-registration-actions,n/a,No,
119,Australia,AUSTRAC,National Australia Bank Limited,Financial Services,29-Apr-22,Enforceable Undertaking,AML,"Customer Due Diligence (CDD)
AML program",n/a,n/a,https://www.austrac.gov.au/sites/default/files/2022-05/Enforceable%20undertaking%20and%20remedial%20action%20plan%20-%20National%20Australia%20Bank%20Limited.pdf,n/a,No,
120,Australia,AUSTRAC,Gold Corporation Pty Ltd,DNFBP - Dealer in Precious Metal Stone,30-Aug-22,Skilled Person Review (Compliance Audit),AML,"AML program
Customer Due Diligence (CDD)
Reporting entity registration
Reporting obligations
Ongoing customer due diligence",n/a,n/a,https://www.austrac.gov.au/sites/default/files/2022-08/Gold%20Corporation%20-%20s162%282%29%20Notice.pdf,n/a,No,
121,Australia,AUSTRAC,Sportsbet Pty Ltd,Gambling,02-Nov-22,Skilled Person Review (Compliance Audit),AML,"Risk assessment
Governance and oversight
Reporting obligations
Customer Due Diligence (CDD)
Transaction Monitoring
Enhanced Customer Due Diligence (EDD)",n/a,n/a,https://www.austrac.gov.au/sites/default/files/2022-11/Sportsbet%20s162%20Notice%202022.pdf,n/a,No,
122,Australia,AUSTRAC,Hillside (Australia New Media) Pty Limited,Gambling,02-Nov-22,Skilled Person Review (Compliance Audit),AML,"Risk assessment
Governance and oversight
Reporting obligations
Customer Due Diligence (CDD)
Transaction Monitoring
Enhanced Customer Due Diligence (EDD)",n/a,n/a,https://www.austrac.gov.au/sites/default/files/2022-11/Bet365%20s162%20Notice%202022.pdf,n/a,No,
123,Australia,AUSTRAC,ING Bank (Australia) Pty Ltd,Financial Services,23-Nov-22,Enforceable Undertaking,AML,"Customer Due Diligence (CDD)
AML program",n/a,n/a,https://www.austrac.gov.au/sites/default/files/2022-12/ING%20Enforceable%20Undertaking%20%28EU%29%20and%20Remedial%20Action%20Plan%20%28RAP%29%20-%202022.pdf,n/a,No,
124,Australia,AUSTRAC,"The Star Pty Limited
The Star Entertainment QLD Limited",Casino,30-Nov-22,Financial Penalty,AML,AML program,"400,000,000",AUD,https://www.austrac.gov.au/sites/default/files/2022-12/AUSTRAC%20v%20Star%20Originating%20Application%202022.pdf,n/a,Yes,
125,Australia,AUSTRAC,FTX EXPRESS PTY LTD,Virtual Assets Service Provider,31-Jan-23,VASP registration suspended,AML,Not disclosed,n/a,n/a,https://www.austrac.gov.au/digital-currency-exchange-provider-registration-actions,n/a,No,
126,Australia,AUSTRAC,Cash Converters,Financial Services,20-Feb-23,Enforceable Undertaking,AML,AML program,n/a,n/a,https://www.austrac.gov.au/sites/default/files/2023-03/Enforceable%20undertaking%20-%20Cash%20Converters.pdf,n/a,No,
127,Australia,AUSTRAC,PayPal Australia Pty Ltd,Financial Services,16-Mar-23,Enforceable Undertaking,AML,Funds Transfer Reporting,n/a,n/a,https://www.austrac.gov.au/sites/default/files/2023-03/Enforceable%20Undertaking%20-%20PayPal%20Australia.pdf,n/a,No,
128,Australia,AUSTRAC,Bank of Queensland Ltd,Financial Services,30-May-23,Enforceable Undertaking,AML,"Customer Due Diligence (CDD)
Enhanced Customer Due Diligence (EDD)
Risk assessment
Governance and assurance",n/a,n/a,https://www.austrac.gov.au/sites/default/files/2023-05/Bank%20of%20Queensland%20Enforceable%20Undertaking.pdf,n/a,No,
129,Australia,AUSTRAC,ACCE Australia Pty Ltd,Virtual Assets Service Provider,10-Jul-23,VASP registration cancelled,AML,Not disclosed,n/a,n/a,https://www.austrac.gov.au/digital-currency-exchange-provider-registration-actions,n/a,No,
130,Australia,AUSTRAC,Crown Melbourne Limited,Casinos,11-Jul-23,Financial Penalty,AML,"Risk assessment
Systems and controls
Governance and oversight
Transaction monitoring
Enhanced Customer Due Diligence (EDD)","450,000,000",AUD,https://www.judgments.fedcourt.gov.au/judgments/Judgments/fca/single/2023/2023fca0782,NSD 134 of 2022,No,
132,Australia,AUSTRAC,Chang Jiang Financial Pty Ltd,Remittance Service Provider ,25-Oct-23,Remittance service provider registration suspended,AML,Not disclosed,n/a,n/a,https://www.austrac.gov.au/remittance-sector-register-and-remittance-registration-actions,n/a,No,
133,Australia,AUSTRAC,Changjiang Financial Brisbane Pty Ltd,Remittance Service Provider ,25-Oct-23,Remittance service provider registration suspended,AML,Not disclosed,n/a,n/a,https://www.austrac.gov.au/remittance-sector-register-and-remittance-registration-actions,n/a,No,
134,Australia,AUSTRAC,CJ Financial NSW Pty Ltd,Remittance Service Provider ,25-Oct-23,Remittance service provider registration suspended,AML,Not disclosed,n/a,n/a,https://www.austrac.gov.au/remittance-sector-register-and-remittance-registration-actions,n/a,No,
135,Australia,AUSTRAC,Aurous Global Group Pty Ltd (Formerly Crown Wealth Pty Ltd),Remittance Service Provider ,25-Oct-23,Remittance service provider registration suspended,AML,Not disclosed,n/a,n/a,https://www.austrac.gov.au/remittance-sector-register-and-remittance-registration-actions,n/a,No,
136,Australia,AUSTRAC,Lida Global Pty Ltd,Remittance Service Provider ,25-Oct-23,Remittance service provider registration suspended,AML,Not disclosed,n/a,n/a,https://www.austrac.gov.au/remittance-sector-register-and-remittance-registration-actions,n/a,No,
137,Australia,AUSTRAC,Digital Win Australia Pty Ltd,Remittance Service Provider ,25-Oct-23,Remittance service provider registration suspended,AML,Not disclosed,n/a,n/a,https://www.austrac.gov.au/remittance-sector-register-and-remittance-registration-actions,n/a,No,
131,Australia,AUSTRAC,Digital Win Australia Pty Ltd,Virtual Assets Service Provider,25-Oct-23,VASP registration suspended,AML,Not disclosed,n/a,n/a,https://www.austrac.gov.au/digital-currency-exchange-provider-registration-actions,n/a,No,
138,Australia,AUSTRAC,Blue Star Exchange Pty Ltd,Remittance Service Provider ,17-Nov-23,Remittance service provider registration suspended,AML,Not disclosed,n/a,n/a,https://www.austrac.gov.au/remittance-sector-register-and-remittance-registration-actions,n/a,No,
139,Australia,AUSTRAC,Blue Star Exchange Pty Ltd,Virtual Assets Service Provider,17-Nov-23,VASP registration suspended,AML,Not disclosed,n/a,n/a,https://www.austrac.gov.au/digital-currency-exchange-provider-registration-actions,n/a,No,
140,Australia,AUSTRAC,B-Paywize Pty Ltd,Virtual Assets Service Provider,17-Nov-23,VASP registration suspended,AML,Not disclosed,n/a,n/a,https://www.austrac.gov.au/digital-currency-exchange-provider-registration-actions,n/a,No,
141,Australia,AUSTRAC,Gold Corporation,DNFBP - Dealer Precious Metals Stones,22-Nov-23,Enforceable Undertaking,AML,"AML program
Customer Due Diligence (CDD)
Funds Transfer Reporting
Maintaining remittance registration",n/a,n/a,https://www.austrac.gov.au/sites/default/files/2023-11/Enforceable%20Undertaking%20%28EU%29%20Gold%20Corporation%20-%20Perth%20Mint%20-%20November%202023.pdf,n/a,No,
142,Australia,AUSTRAC,Auaisa Trading Pty Ltd,Remittance Service Provider ,05-Mar-24,Remittance service provider registration suspended,AML,Not disclosed,n/a,n/a,https://www.austrac.gov.au/remittance-sector-register-and-remittance-registration-actions,n/a,No,
143,Australia,AUSTRAC,Albany Capital Investors Pty Ltd,Financial Services,18-Mar-24,Financial Penalty,AML,Annual Return,"16,500",AUD,https://www.austrac.gov.au/sites/default/files/2024-04/Albany%20Capital%20Investors%20Pty%20Ltd%20-%20CR22%20Infringement%20Notice.pdf,n/a,No,
144,Australia,AUSTRAC,Archiwoods Capital Pty Ltd,Financial Services,18-Mar-24,Financial Penalty,AML,Annual Return,"16,500",AUD,https://www.austrac.gov.au/sites/default/files/2024-04/Archiwoods%20Capital%20Pty%20Ltd%20-%20CR22%20Infringement%20Notice.pdf,n/a,No,
145,Australia,AUSTRAC,CP2 Investment Services Pty Limited,Financial Services,18-Mar-24,Financial Penalty,AML,Annual Return,"16,500",AUD,https://www.austrac.gov.au/sites/default/files/2024-04/CP2%20Investment%20Services%20Pty%20Limited%20-%20CR22%20Infringement%20Notice.pdf,n/a,No,
146,Australia,AUSTRAC,Global Capital Management,Financial Services,18-Mar-24,Financial Penalty,AML,Annual Return,"16,500",AUD,https://www.austrac.gov.au/sites/default/files/2024-04/Global%20Capital%20Management%20-%20CR22%20Infringement%20Notice.pdf,n/a,No,
150,Australia,AUSTRAC,Powered Investments Pty Ltd,Financial Services,18-Mar-24,Financial Penalty,AML,Annual Return,"16,500",AUD,https://www.austrac.gov.au/sites/default/files/2024-04/Powered%20Investments%20Pty%20Ltd%20-%20CR22%20Infringement%20Notice.pdf,n/a,No,
148,Australia,AUSTRAC,Katoomba RSL,Gambling,18-Mar-24,Financial Penalty,AML,Annual Return,"16,500",AUD,https://www.austrac.gov.au/sites/default/files/2024-04/Katoomba%20RSL%20-%20CR22%20Infringement%20Notice.pdf,n/a,No,
147,Australia,AUSTRAC,John Charles Duffy,Reporting Entity,18-Mar-24,Financial Penalty,AML,Annual Return,"3,300",AUD,https://www.austrac.gov.au/sites/default/files/2024-04/John%20Charles%20Duffy%20-%20CR22%20Infringement%20Notice.pdf,n/a,No,
149,Australia,AUSTRAC,Paul Kevin Klein,Reporting Entity,18-Mar-24,Financial Penalty,AML,Annual Return,"3,300",AUD,https://www.austrac.gov.au/sites/default/files/2024-04/Paul%20Kevin%20Klein%20-%20CR22%20Infringement%20Notice.pdf,n/a,No,
151,Australia,AUSTRAC,Sportsbet Pty Ltd,Gambling,30-May-24,Enforceable Undertaking,AML,"AML program
Risk assessment
Ongoing Customer Due Diligence",n/a,n/a,https://www.austrac.gov.au/sites/default/files/2024-05/Redacted%20Signed%20EU%20and%20RAP%20-%20Sportsbet%20-%2030%20May%202024.pdf,n/a,No,
152,Australia,AUSTRAC,SkyCity Adelaide Pty Ltd,Casinos,07-Jun-24,Financial Penalty,AML,"AML program
Ongoing customer due diligence","67,000,000",AUD,https://www.judgments.fedcourt.gov.au/judgments/Judgments/fca/single/2024/2024fca0664,NSD 1046 of 2022,No,
153,Australia,AUSTRAC,TSS Farms & Group Pty Ltd (Independent Remittance Provider),Remittance Dealer ,18-Jun-24,Refusal to renew remittance service provider registration,AML,Not disclosed,n/a,n/a,https://www.austrac.gov.au/remittance-sector-register-and-remittance-registration-actions,n/a,No,
154,Australia,AUSTRAC,FTX EXPRESS PTY LTD,Virtual Assets Service Provider,28-Jun-24,VASP registration cancelled,AML,Not disclosed,n/a,n/a,https://www.austrac.gov.au/digital-currency-exchange-provider-registration-actions,n/a,No,
155,Australia,AUSTRAC,Zipmex Australia Pty Ltd,Virtual Assets Service Provider,28-Jun-24,VASP registration suspended,AML,Not disclosed,n/a,n/a,https://www.austrac.gov.au/digital-currency-exchange-provider-registration-actions,n/a,No,
156,Australia,AUSTRAC,Hermes Capital Partners Pty Ltd,Financial Services,03-Sep-24,Financial Penalty,AML,Annual Return,"18,780",AUD,https://www.austrac.gov.au/sites/default/files/2024-11/Infringement%20notice%20-%20Hermes%20Capital%20Partners%20Pty%20Ltd.pdf,n/a,No,
157,Australia,AUSTRAC,NSW CL Pty Limited,Financial Services,03-Sep-24,Financial Penalty,AML,Annual Return,"18,780",AUD,https://www.austrac.gov.au/sites/default/files/2024-11/Infringement%20notice%20-%20NSW%20CL%20Pty%20Limited.pdf,n/a,No,
158,Australia,AUSTRAC,Tuross Head Country Club,Gambling,03-Sep-24,Financial Penalty,AML,Annual Return,"18,780",AUD,https://www.austrac.gov.au/sites/default/files/2024-11/Infringement%20notice%20-%20Tuross%20Head%20Country%20Club%20Limited.pdf,n/a,No,
159,Australia,AUSTRAC,Ulverstone Returned Servicemen's Club Inc,Gambling,03-Sep-24,Financial Penalty,AML,Annual Return,"18,780",AUD,https://www.austrac.gov.au/sites/default/files/2024-11/Infringement%20notice%20-%20Ulverstone%20Returned%20Servicemen%27s%20Club%20Inc.pdf,n/a,No,
162,Australia,AUSTRAC,Barry D Evans,Financial Services,09-Sep-24,Financial Penalty,AML,Annual Return,"3,756",AUD,https://www.austrac.gov.au/sites/default/files/2024-11/Infringement%20notice%20-%20Barry%20D%20Evans.pdf,n/a,No,
160,Australia,AUSTRAC,Easybondpay Pty Ltd,Financial Services,09-Sep-24,Financial Penalty,AML,Annual Return,"18,780",AUD,https://www.austrac.gov.au/sites/default/files/2024-11/Infringement%20notice%20-%20Easybondpay%20Pty%20Ltd.pdf,n/a,No,
161,Australia,AUSTRAC,Combine Investment Pty Ltd,Financial Services,09-Sep-24,Financial Penalty,AML,Annual Return,"18,780",AUD,https://www.austrac.gov.au/sites/default/files/2024-11/Infringement%20notice%20-%20Combine%20Investment%20Pty%20Ltd.pdf,n/a,No,
163,Australia,AUSTRAC,Siltech PMR Pty Ltd,Financial Services,09-Sep-24,Financial Penalty,AML,Annual Return,"18,780",AUD,https://www.austrac.gov.au/sites/default/files/2024-11/Infringement%20notice%20-%20Siltech%20PMR%20PTY%20LTD.pdf,n/a,No,
164,Australia,AUSTRAC,The Trustee for the Cimorelli Family Trust,Reporting Entity,09-Sep-24,Financial Penalty,AML,Annual Return,"18,780",AUD,https://www.austrac.gov.au/sites/default/files/2024-11/Infringement%20notice%20-%20The%20Trustee%20for%20the%20Cimorelli%20Family%20Trust.pdf,n/a,No,
165,Australia,AUSTRAC,Limba Business Lending Pty Ltd,Financial Services,16-Sep-24,Financial Penalty,AML,Annual Return,"18,780",AUD,https://www.austrac.gov.au/sites/default/files/2024-11/Infringement%20notice%20-%20LIMBA%20BUSINESS%20LENDING%20PTY%20LTD.pdf,n/a,No,
166,Australia,AUSTRAC,Yeronga Services and Community Club Inc,Gambling,16-Sep-24,Financial Penalty,AML,Annual Return,"18,780",AUD,https://www.austrac.gov.au/sites/default/files/2024-11/Infringement%20notice%20-%20YERONGA%20SERVICES%20AND%20COMMUNITY%20CLUB%20INC.pdf,n/a,No,
167,Australia,AUSTRAC,Amco Traveling and Exchange Pty Ltd,Remittance Service Provider ,30-Oct-24,Remittance service provider registration cancelled,AML,Not disclosed,n/a,n/a,https://www.austrac.gov.au/remittance-sector-register-and-remittance-registration-actions,n/a,No,
168,Australia,AUSTRAC,W Solution Group Pty Ltd,Remittance Service Provider ,30-Oct-24,Refusal to renew remittance service provider registration,AML,Not disclosed,n/a,n/a,https://www.austrac.gov.au/remittance-sector-register-and-remittance-registration-actions,n/a,No,
169,Australia,AUSTRAC,Rootie Technology Pty Ltd,Remittance Service Provider ,21-Nov-24,Remittance service provider registration cancelled,AML,Not disclosed,n/a,n/a,https://www.austrac.gov.au/remittance-sector-register-and-remittance-registration-actions,n/a,No,
170,Australia,AUSTRAC,JINTE Net Blockchain Pty Ltd,Remittance Service Provider ,21-Nov-24,Remittance service provider registration cancelled,AML,Not disclosed,n/a,n/a,https://www.austrac.gov.au/remittance-sector-register-and-remittance-registration-actions,n/a,No,
171,Australia,AUSTRAC,DIGI-SEND E-Money Pty Ltd,Remittance Service Provider ,22-Nov-24,Remittance service provider registration cancelled,AML,Not disclosed,n/a,n/a,https://www.austrac.gov.au/remittance-sector-register-and-remittance-registration-actions,n/a,No,
172,Australia,AUSTRAC,Entain Group Pty Ltd,Gambling,16-Dec-24,Financial Penalty,AML,"Governance and oversight
Customer Due Diligence (CDD)
Enhanced Customer Due Diligence (EDD)",TBC,AUD,https://www.austrac.gov.au/sites/default/files/2025-09/Entain%20Group%20Pty%20Ltd%20-%20AMENDED%20Statement%20of%20Claim%20%28REDACTED%29%20%28sealed%29.pdf.pdf,NSD1814/2024,Yes,
196,Australia,AUSTRAC,Atpay Trading Pty Ltd,Remittance Service Provider ,06-Jan-25,VASP registration cancelled,AML,Not disclosed,n/a,n/a,https://www.austrac.gov.au/digital-currency-exchange-provider-registration-actions,n/a,No,
197,Australia,AUSTRAC,Airwallex Pty Ltd,Digital Payment Service Provider,22-Jan-25,Skilled Person Review (Compliance Audit),AML,"Risk Assessment
Transaction Monitoring Program
STR reporting
Enhanced Customer Due Diligence
Ongoing Customer Due Diligence
Governance and oversight",n/a,n/a,https://www.austrac.gov.au/sites/default/files/2026-01/Notice%20to%20Appoint%20External%20Auditor%20-%20Airwallex%20Pty%20Ltd%20-%2022%20January%202026.pdf,n/a,No,
173,Australia,AUSTRAC,Al Humaidi Money Transfer Pty Ltd,Remittance Service Provider ,19-Feb-25,Remittance service provider registration suspended,AML,Not disclosed,n/a,n/a,https://www.austrac.gov.au/remittance-sector-register-and-remittance-registration-actions,n/a,No,
174,Australia,AUSTRAC,Cointree Pty Ltd,Virtual Assets Service Provider,26-Feb-25,Financial Penalty,AML,STR reporting,"75,120",AUD,https://www.austrac.gov.au/sites/default/files/2025-05/Cointree%20Pty%20Ltd%20-%20Infringement%20Notice.pdf,n/a,No,
175,Australia,AUSTRAC,Peter and Susan Jones Trading as Pagasa Express,Remittance Service Provider,03-Mar-25,Refusal to renew remittance service provider registration,AML,Not disclosed,n/a,n/a,https://www.austrac.gov.au/remittance-sector-register-and-remittance-registration-actions,n/a,No,
176,Australia,AUSTRAC,Harro's Empires Pty Ltd,Virtual Assets Service Provider,06-May-25,Refusal to renew VASP registration,AML,Not disclosed,n/a,n/a,https://www.austrac.gov.au/digital-currency-exchange-provider-registration-actions,n/a,No,
177,Australia,AUSTRAC,Mercedes-Benz Financial Services Australia Pty Ltd,Financial Services,30-Jun-25,Skilled Person Review (Compliance Audit),AML,"Risk assessment
Customer Due Diligence (CDD)
Transaction Monitoring
Enhanced Customer Due Diilgence (EDD)",n/a,n/a,https://www.austrac.gov.au/sites/default/files/2025-07/Notice%20to%20Appoint%20External%20Auditor%20-%20Mercedes-Benz%20Financial%20Services%20Australia%20Pty%20Ltd%20-%20July%202025.pdf,n/a,No,
178,Australia,AUSTRAC,Revolut Payments Australia Pty Ltd,Remittance Service Provider ,29-Jul-25,Financial Penalty,AML,International Funds Transfer reporting,"187,800",AUD,https://www.austrac.gov.au/sites/default/files/2025-09/Infringement%20notice%20issued%20to%20Revolut%20Australia%20Pty%20Ltd.pdf,n/a,No,
179,Australia,AUSTRAC,Mount Pritchard District and Community Club,Gambling,30-Jul-25,Financial Penalty,AML,AML program,TBC,AUD,https://www.austrac.gov.au/sites/default/files/2025-08/Mounties%20-%20Originating%20Application%20%28Stamped%29.pdf,NSD1310/2025,Yes,
180,Australia,AUSTRAC,Breakwater Island Limited,Casino,31-Jul-25,Skilled Person Review (Compliance Audit),AML,"Risk assessment
Governance and oversight
Reporting obligations
Customer Due Diligence (CDD)
Transaction Monitoring
Enhanced Customer Due Diilgence (EDD)",n/a,n/a,https://www.austrac.gov.au/sites/default/files/2025-08/Notice%20to%20Appoint%20External%20Auditor%20-%20Breakwater%20Island%20Limited%20-%20August%202025.pdf,n/a,No,
181,Australia,AUSTRAC,Delaware North Darwin Casino Pty Ltd,Casino,31-Jul-25,Skilled Person Review (Compliance Audit),AML,"Risk assessment
Governance and oversight
Reporting obligations
Customer Due Diligence (CDD)
Transaction Monitoring
Enhanced Customer Due Diilgence (EDD)",n/a,n/a,https://www.austrac.gov.au/sites/default/files/2025-08/Notice%20to%20Appoint%20External%20Auditor%20-Delaware%20North%20Darwin%20Casino%20Pty%20Ltd%20-%20August%202025.pdf,n/a,No,
182,Australia,AUSTRAC,Cryptolink Pty Ltd,Virtual Assets Service Provider,15-Sep-25,Financial Penalty,AML,Threshold transaction reporting,"56,340",AUD,https://www.austrac.gov.au/sites/default/files/2025-10/Cryptolink%20Pty%20Ltd%20Signed%20Infringement%20Notice.pdf,n/a,No,
183,Australia,AUSTRAC,Western Union Financial Services (Australia) Pty Ltd,Remittance Service Provider,16-Sep-25,Skilled Person Review (Compliance Audit),AML,"Customer Due Diligence (CDD)
STR reporting
AML program",n/a,n/a,https://www.austrac.gov.au/sites/default/files/2025-09/Notice%20to%20Appoint%20External%20Auditor%20-%20Western%20Union%20Financial%20Services%20%28Australia%29%20Pty%20Ltd%20-%20September%202025.pdf,n/a,No,
184,Australia,AUSTRAC,Atayi Trading Pty Ltd,Remittance Service Provider ,25-Sep-25,Remittance service provider registration suspended,AML,Not disclosed,n/a,n/a,https://www.austrac.gov.au/remittance-sector-register-and-remittance-registration-actions,n/a,No,
185,Australia,AUSTRAC,Cryptolink Pty Ltd,Virtual Assets Service Provider,14-Oct-25,Enforceable Undertaking,AML,Threshold transaction reporting,n/a,n/a,https://www.austrac.gov.au/sites/default/files/2025-10/Cryptolink%20-%20Redacted%20and%20Signed%20Enforceable%20Undertaking.pdf,n/a,No,
186,Australia,AUSTRAC,AAA HOLDING AUS PTY LTD,Remittance Service Provider ,20-Oct-25,Remittance service provider registration suspended,AML,Not disclosed,n/a,n/a,https://www.austrac.gov.au/remittance-sector-register-and-remittance-registration-actions,n/a,No,
187,Australia,AUSTRAC,KM CITI EXPRESS PTY LTD,Remittance Service Provider ,20-Oct-25,Remittance service provider registration suspended,AML,Not disclosed,n/a,n/a,https://www.austrac.gov.au/remittance-sector-register-and-remittance-registration-actions,n/a,No,
188,Australia,AUSTRAC,LBK.info Pty Ltd,Virtual Assets Service Provider,12-Nov-25,VASP registration cancelled,AML,Not disclosed,n/a,n/a,https://www.austrac.gov.au/digital-currency-exchange-provider-registration-actions,n/a,No,
189,Australia,AUSTRAC,NS Capital Holdings Pty Ltd,Virtual Assets Service Provider,12-Nov-25,VASP registration cancelled,AML,Not disclosed,n/a,n/a,https://www.austrac.gov.au/digital-currency-exchange-provider-registration-actions,n/a,No,
190,Australia,AUSTRAC,Bitlord-Trading Pty Ltd,Virtual Assets Service Provider,12-Nov-25,VASP registration cancelled,AML,Not disclosed,n/a,n/a,https://www.austrac.gov.au/digital-currency-exchange-provider-registration-actions,n/a,No,
191,Australia,AUSTRAC,Newport Ex Pty Ltd,Virtual Assets Service Provider,12-Nov-25,VASP registration cancelled,AML,Not disclosed,n/a,n/a,https://www.austrac.gov.au/digital-currency-exchange-provider-registration-actions,n/a,No,
192,Australia,AUSTRAC,VCB Information Technology Pty Ltd,Virtual Assets Service Provider,12-Nov-25,VASP registration cancelled,AML,Not disclosed,n/a,n/a,https://www.austrac.gov.au/digital-currency-exchange-provider-registration-actions,n/a,No,
193,Australia,AUSTRAC,Castra Licensee Pty Ltd,Reporting Entity,10-Dec-25,Financial Penalty,AML,Annual Return,TBC,AUD,https://www.austrac.gov.au/sites/default/files/2025-12/Concise%20statement%20-%20Castra%20Licensee%20Pty%20Ltd.pdf,NSD2310/2025,Yes,
194,Australia,AUSTRAC,Princeton Securities (NSW) Pty Ltd,Reporting Entity,10-Dec-25,Financial Penalty,AML,Annual Return,TBC,AUD,https://www.austrac.gov.au/sites/default/files/2025-12/Concise%20statement%20-%20Princeton%20Securities%20%28NSW%29%20Pty%20Ltd.pdf,NSD2309/2025,Yes,
195,Australia,AUSTRAC,Yellow Sands Trading Pty Ltd (Raiyyan Exchange),Remittance Service Provider ,15-Dec-25,Refusal to renew remittance service provider registration,AML,Not disclosed,n/a,n/a,https://www.austrac.gov.au/news-and-media/media-release/austrac-refuses-registration-renewal-remitter-raiyyan-exchange,n/a,No,
198,Australia,AUSTRAC,Al-Amana Money Transfer and Exchange Pty Ltd,Remittance Service Provider ,23-Jan-26,Remittance service provider registration suspended,AML,Not disclosed,n/a,n/a,https://www.austrac.gov.au/remittance-sector-register-and-remittance-registration-actions,n/a,No,
199,Australia,AUSTRAC,Product.ST Pty Ltd,Virtual Assets Service Provider,04-Feb-26,VASP registration cancelled,AML,Not disclosed,n/a,n/a,https://www.austrac.gov.au/digital-currency-exchange-provider-registration-actions,n/a,No,
200,Australia,AUSTRAC,Coast to Coast Vending Pty Ltd,Virtual Assets Service Provider,04-Feb-26,VASP registration cancelled,AML,Not disclosed,n/a,n/a,https://www.austrac.gov.au/digital-currency-exchange-provider-registration-actions,n/a,No,
201,Australia,AUSTRAC,Reserve Currency of Australia Pty Ltd,Virtual Assets Service Provider,04-Feb-26,VASP registration cancelled,AML,Not disclosed,n/a,n/a,https://www.austrac.gov.au/digital-currency-exchange-provider-registration-actions,n/a,No,